Index,User Id,First Name,Last Name,Sex,Email,Phone,Date of birth,Job Title
1,88F7B33d2bcf9f5,Shelby,Terrell,Male,elijah57@example.net,+91-6784973518,1945-10-26,games developer
2,f90cD3E76f1A9b9,Phillip,Summers,Female,bethany14@example.com,+91-1260444913,1910-03-24,phytotherapist
3,DbeAb8CcdfeFC2c,Kristine,Travis,Male,bthompson@example.com,+91-2776097938,1992-07-02,homeopath
4,A31Bee3c201ef58,Yesenia,Martinez,Male,kaitlinkaiser@example.com,+91-5840946111,2017-08-03,market researcher
5,1bA7A3dc874da3c,Lori,Todd,Male,buchananmanuel@example.net,+91-0735587233,1938-12-01,veterinary surgeon
6,bfDD7CDEF5D865B,Erin,Day,Male,tconner@example.org,+91-4998565553,2015-10-28,waste management officer
7,bE9EEf34cB72AF7,Katherine,Buck,Female,conniecowan@example.com,+91-1668549162,1989-01-22,intelligence analyst
8,2EFC6A4e77FaEaC,Ricardo,Hinton,Male,wyattbishop@example.com,+91-9799888612,1924-03-26,hydrogeologist
9,baDcC4DeefD8dEB,Dave,Farrell,Male,nmccann@example.net,+91-8242927392,2018-10-06,lawyer
10,8e4FB470FE19bF0,Isaiah,Downs,Male,virginiaterrell@example.org,+91-7215448206,1964-09-20,site engineer
11,BF0BbA03C29Bb3b,Sheila,Ross,Female,huangcathy@example.com,+91-8958814746,2008-03-20,advertising account executive
12,F738c69fB34E62E,Stacy,Newton,Male,rayleroy@example.org,+91-3321380335,1980-10-20,warden/ranger
13,C03fDADdAadAdCe,Mandy,Blake,Male,jefferynoble@example.org,+91-6613054947,2007-12-08,clinical scientist
14,b759b74BD1dE80d,Bridget,Nash,Female,mercedes44@example.com,+91-2166278359,2004-06-28,social worker
15,1F0B7D65A00DAF9,Crystal,Farmer,Male,pmiranda@example.org,+91-0243775391,1992-03-09,agricultural consultant
16,50Bb061cB30B461,Thomas,Knight,Female,braunpriscilla@example.net,+91-3608800766,2006-02-18,sport and exercise psychologist
17,D6dbA5308fEC4BC,Maurice,Rangel,Male,sheenabanks@example.com,+91-2461874969,2004-08-20,secretary/administrator
18,311D775990f066d,Frank,Meadows,Male,gbrewer@example.org,+91-6539024447,2008-09-16,audiological scientist
19,7F7E1BAcb0C9AFf,Alvin,Paul,Male,gilbertdonaldson@example.com,+91-6088707551,1949-05-12,"teacher, adult education"
20,88473e15D5c3cD0,Jared,Mitchell,Female,jcortez@example.com,+91-9588496781,1921-01-18,paediatric nurse
21,b31D271F8c200AB,Jacqueline,Norton,Female,carias@example.net,+91-9767959173,1952-10-09,"scientist, marine"
22,42F4BdA841aBadC,Colleen,Hatfield,Female,fknox@example.org,+91-6385841090,1949-10-14,commercial horticulturist
23,cBbBcA0FCA3C4Bc,Randy,Barnes,Male,huangbill@example.org,+91-9716467214,1947-12-30,outdoor activities/education manager
24,f1f89173353aD90,Janice,Rhodes,Female,juarezdominique@example.net,+91-1497426996,1999-11-01,drilling engineer
25,c5B09fb33e8bA0A,Alfred,Mcneil,Female,cassandramorris@example.com,+91-6950953058,1993-05-28,systems analyst
26,c9F2282C40BEC1E,Sean,Levine,Male,sallymiller@example.net,+91-4915828504,2010-10-09,"conservation officer, nature"
27,9c1bc7EC53Fb7cE,Louis,Payne,Male,bsullivan@example.net,+91-6232695307,1916-01-29,counsellor
28,ddEc50e2A2e3a2B,Brittney,Vega,Female,ayalajose@example.net,+91-9457398686,1932-10-31,recycling officer
29,66F096D36Ebae11,Judy,Buckley,Male,irosales@example.net,+91-8124152830,1963-07-28,art gallery manager
30,F0fE2faAd78F8b5,Norman,Weber,Male,mconrad@example.com,+91-2230020429,1957-05-21,gaffer
31,5d2feAfbdCAA6B5,Isaiah,Camacho,Female,jimblake@example.org,+91-5365443367,1966-04-07,food technologist
32,cDa5F303fCd6dEa,Jacqueline,Gallagher,Male,nsampson@example.net,+91-2477628934,1999-02-25,building services engineer
33,8Ef7DBfcaB02b6B,Bonnie,Andrews,Female,caitlin24@example.net,+91-8727769161,1953-12-21,seismic interpreter
34,6Dec5b5542F8ed8,Brandon,Schmidt,Female,mconley@example.net,+91-6731465006,1931-05-12,"engineer, biomedical"
35,3Fb8a7f68e12784,Jackson,Sparks,Female,reynoldsdarryl@example.net,+91-8312965035,1980-11-18,set designer
36,035eff50B9A0F24,Melody,Cook,Male,jeannovak@example.org,+91-8267927381,1963-06-25,research scientist (life sciences)
37,aa614aAE4B7Cf0C,Leonard,Hurst,Male,clinton78@example.org,+91-8042738800,1938-03-13,"accountant, chartered management"
38,ACcde95AAe3e6cC,Gene,Rich,Female,luisdeleon@example.org,+91-8660489537,1946-08-22,"surveyor, quantity"
39,b6a35de5CB6fc25,Cynthia,Wiggins,Female,rosariodave@example.org,+91-8243770190,1984-01-27,outdoor activities/education manager
40,e92A191E345fA3A,Tanya,Mckinney,Female,vickihouston@example.com,+91-7749002086,2003-03-12,information systems manager
41,7D0AcBF6CCac3fd,Matthew,Stone,Female,evelyn31@example.org,+91-9523816360,2017-08-23,clinical scientist
42,CEFA7BBCef013AE,Kirk,Walsh,Female,stephenfuller@example.org,+91-9655298661,2009-04-08,accounting technician
43,9edBC94aE7cA22a,Willie,Vang,Female,haleymathews@example.net,+91-1686854067,1978-02-02,management consultant
44,fFe7BAA737aDbe2,Miguel,Hill,Female,tyrone56@example.org,+91-5247842945,1930-08-26,make
45,5F2f3fAca8B0946,Darren,Andrews,Male,lhernandez@example.com,+91-9757994261,1997-10-04,retail banker
46,6bFcfc3cc1BC6B4,Haley,Pugh,Female,molly03@example.org,+91-8261372453,1980-09-16,commissioning editor
47,f3BD2cBF7eEb6df,Danielle,Estrada,Female,jvang@example.org,+91-3749518772,1930-07-09,"accountant, chartered management"
48,Ee4eB129dC7913A,Becky,Brady,Male,erikmueller@example.org,+91-3900020863,1957-06-27,seismic interpreter
49,dBCEf340C3657Eb,Caitlyn,Frey,Male,rivasdominique@example.org,+91-1396546344,1968-01-26,jewellery designer
50,E47FB71DD9ACCd9,Joshua,Sweeney,Male,daisymcgee@example.net,+91-9942100535,1954-07-28,"education officer, museum"
51,eA3fDd79BE9f0E7,Heidi,Escobar,Female,staffordtravis@example.net,+91-5530651131,1931-09-25,estate manager/land agent
52,aF0eE4547Bc025c,Brian,Oconnell,Female,saralong@example.net,+91-2831423733,1911-10-23,physiotherapist
53,9F5DeD7aD228F5a,Beverly,Esparza,Female,iphelps@example.net,+91-7887546771,1930-12-09,passenger transport manager
54,D3Fa0220dDE4d36,Nathaniel,Rivas,Female,roberto29@example.com,+91-7204037888,1908-11-17,call centre manager
55,60FdBFd5e7BE8fF,Debra,Payne,Female,yolanda07@example.org,+91-5840052593,1927-08-20,special educational needs teacher
56,D8bF5Ab2b98caff,Mackenzie,Rocha,Female,abbottyvette@example.net,+91-4225525458,1980-10-21,museum/gallery exhibitions officer
57,CD8d33aA25bc8BB,Courtney,Watkins,Female,ochang@example.org,+91-8327615883,2003-12-07,pension scheme manager
58,Fac3BfFf0A3d03c,Fred,Olsen,Female,amyanderson@example.com,+91-4977743053,1910-04-10,archaeologist
59,e552D7ddafe1FFb,Ryan,Nelson,Female,qnorman@example.org,+91-9563302951,1924-05-02,historic buildings inspector/conservation officer
60,0f8deedb629A5f6,Grace,Phelps,Male,clarkeangela@example.net,+91-6788276777,1909-10-15,petroleum engineer
61,bB9e49E506F65ed,Shari,Daugherty,Male,kalvarado@example.org,+91-5547986124,1944-11-24,curator
62,Ed724605A403D91,Kelli,Garner,Male,jodyvincent@example.org,+91-0042130982,2010-01-17,retail banker
63,0aBE5ACb18E0c10,Jackie,Bennett,Male,hutchinsonkirk@example.com,+91-3708460087,1915-11-11,neurosurgeon
64,5D2cb63CaAF53f6,Leslie,Conway,Female,floreschristina@example.org,+91-7824384555,1983-11-06,chiropractor
65,Ee6974f90eeCe18,Harold,Barnett,Female,nathan65@example.org,+91-0262656392,1943-03-15,clinical biochemist
66,cEf02C076afa07f,Larry,Harper,Male,maria32@example.org,+91-3037924121,2021-05-05,"scientist, water quality"
67,9Df5Ba591bF3EFf,Mike,Ward,Female,imccullough@example.com,+91-1167295046,1967-11-09,hydrologist
68,3faB1CBfEFBDdD4,Brittney,Rubio,Female,corey92@example.com,+91-5939762528,1959-12-24,clinical biochemist
69,Ebcefdf75eCb0a9,Frank,Pineda,Male,daltoncalvin@example.net,+91-6150609182,1926-03-10,hospital pharmacist
70,e75e5DBfcb68887,Sandra,Wu,Male,ubanks@example.com,+91-6066454067,1925-04-28,warehouse manager
71,6a53a8D41dDF6de,Ryan,Benton,Male,lopezdebbie@example.org,+91-5579948485,2020-10-06,physiological scientist
72,F0d3bD1aaf9E3Bc,Tamara,Hull,Male,meagan39@example.net,+91-6537447944,1933-01-31,english as a second language teacher
73,5bC87340799FBD0,Jean,Ritter,Female,kristina76@example.com,+91-9540601066,1985-08-06,financial trader
74,dBfA17Aaf16b4ab,Veronica,Briggs,Female,weissbridget@example.com,+91-9238748490,1974-06-08,structural engineer
75,c935b7Eb6FA0B0F,Kim,Andrews,Female,wpetersen@example.org,+91-7677125383,1990-11-15,clinical biochemist
76,b3e15e65Ca2CcBf,Tina,Cunningham,Male,wongmary@example.org,+91-0799075051,1956-11-29,race relations officer
77,dade3452F0c32FD,Jonathon,Atkinson,Male,gailfrench@example.net,+91-0372032932,2011-07-19,"psychologist, forensic"
78,AdEd6cfD85DeC46,Jermaine,Reid,Female,vpaul@example.com,+91-7422148691,1974-08-18,newspaper journalist
79,DAf111987098ae4,Regina,Stevens,Male,xpoole@example.net,+91-8913592684,2011-11-28,public house manager
80,6e6a5b885F6496d,Terrence,Huff,Male,cassandra80@example.org,+91-0064085416,1944-02-27,careers information officer
81,12DCb4ED8E01D5C,Tyler,Foley,Female,johnathan72@example.org,+91-6930758030,1908-09-19,economist
82,E1cB5cA8CA7CC0a,Andrew,Waters,Male,nhall@example.net,+91-6527653351,1948-05-14,jewellery designer
83,AedDfaE8Cf49F07,Reginald,Stephenson,Male,erikaball@example.net,+91-5006044475,2010-02-08,contracting civil engineer
84,bff9853aFAeF772,Douglas,Reese,Female,nixonvanessa@example.net,+91-6083129864,1961-11-11,higher education lecturer
85,E883773cA5219Be,Helen,Williamson,Female,melvin08@example.net,+91-3777264229,1911-08-11,"lecturer, further education"
86,CB19EafEbBfF9eC,Mario,Vaughn,Male,oblake@example.com,+91-4503912276,1990-07-08,research scientist (life sciences)
87,5834700fbEd2771,Chelsea,Dickson,Male,johnnyhendricks@example.net,+91-1013818588,1958-05-13,"teacher, early years/pre"
88,2b0Ab1Dc9E01D7E,Dustin,Bailey,Male,pbarron@example.net,+91-6211157345,1908-08-22,travel agency manager
89,3f3a3D89ad042Dd,Harry,Medina,Female,olsenmalik@example.net,+91-4510995805,1947-08-24,technical sales engineer
90,9425E2F38C408ef,Kathy,Haney,Female,teresa37@example.com,+91-1641058456,1955-09-02,charity fundraiser
91,F0aeC9c2759F3C6,Alison,Nixon,Female,zmiles@example.net,+91-3506680871,1941-07-10,patent attorney
92,d6EA619A7C4aA95,Jamie,Hardy,Female,sheenadouglas@example.com,+91-3929511533,1994-07-17,"conservator, furniture"
93,2A33E7Cad1bb0F5,Melody,Cox,Female,evan90@example.org,+91-2050803511,1974-07-30,dance movement psychotherapist
94,d181FFB7d3E68bb,Xavier,Cole,Male,nicolas90@example.org,+91-8164259975,1938-11-29,financial planner
95,feaBf8dAE0C0d6F,Dillon,Guzman,Female,angelanavarro@example.net,+91-9719924521,1942-04-01,air broker
96,5eFda7caAeB260E,Dennis,Barnes,Female,bmartin@example.org,+91-5242112257,1954-07-30,software engineer
97,CCbFce93d3720bE,Steve,Patterson,Female,latasha46@example.net,+91-8654785157,1932-04-29,barrister
98,2fEc528aFAF0b69,Wesley,Bray,Male,regina11@example.org,+91-2300476800,1994-12-28,police officer
99,Adc7ad9B6e4A1Fe,Summer,Oconnell,Female,alexiscantrell@example.org,+91-6856932092,2012-04-12,broadcast journalist
100,b8D0aD3490FC7e1,Mariah,Bernard,Male,pcopeland@example.org,+91-4655444657,2016-11-15,it sales professional
